item_id,timestamp,mean,0.1,0.25,0.5,0.75,0.9
TELCO,2021-07-31 00:00:00,0.303714913401954,0.16004138904010606,0.2265221741771521,0.303714913401954,0.3807898508196124,0.4502127515669545
TELCO,2021-07-31 00:05:00,0.1393030048073658,-0.04084087324631711,0.045444435286390014,0.1393030048073658,0.23172897220388353,0.3187850427236158
TELCO,2021-07-31 00:10:00,0.12541864738136765,-0.08704501702223973,0.014738220622284005,0.12541864738136765,0.2343551949712256,0.3346008980212135
TELCO,2021-07-31 00:15:00,0.11280440562817676,-0.11542796266196559,-0.008836068191943812,0.11280440562817676,0.23281322922126002,0.34107767550608714
TELCO,2021-07-31 00:20:00,0.047040812721506425,-0.20307874131291986,-0.08371134146214551,0.047040812721506425,0.17856256628834727,0.2994120530387273
TELCO,2021-07-31 00:25:00,-0.02582077365773135,-0.2966720948512285,-0.16816230881246438,-0.02582077365773135,0.11894226030364084,0.2449439350443206
TELCO,2021-07-31 00:30:00,-0.03924202155029864,-0.33229549542151815,-0.1938925112772294,-0.03924202155029864,0.11082645220980489,0.24950717245979578
TELCO,2021-07-31 00:35:00,-0.05196391189347277,-0.35548096696896836,-0.21159291330308283,-0.05196391189347277,0.1088348495503029,0.25923640905161316
TELCO,2021-07-31 00:40:00,-0.08110843477479175,-0.40549672339874565,-0.2523092375647712,-0.08110843477479175,0.08853469197826083,0.2353276046466235
TELCO,2021-07-31 00:45:00,-0.1364862287455339,-0.47115481133722037,-0.312622892641137,-0.1364862287455339,0.03851844138929114,0.1960992521553211
TELCO,2021-07-31 00:50:00,-0.2049735043176929,-0.5589008043225658,-0.39208561258475416,-0.2049735043176929,-0.023207538991532186,0.14068297799690516
TELCO,2021-07-31 00:55:00,-0.2520751515859401,-0.613773135156427,-0.44594033996913973,-0.2520751515859401,-0.06207259564128092,0.1120285560832834
TELCO,2021-07-31 01:00:00,-0.2908693616783483,-0.6642002408749825,-0.4885308827535473,-0.2908693616783483,-0.0918122847127301,0.08312483684996419
TELCO,2021-07-31 01:05:00,-0.35813236166814044,-0.7451139694995269,-0.5632135632246928,-0.35813236166814044,-0.15753529382182613,0.026594842086447582
TELCO,2021-07-31 01:10:00,-0.415160333266248,-0.8079486297460339,-0.6225171730405734,-0.415160333266248,-0.20260743657054886,-0.014739559340426277
TELCO,2021-07-31 01:15:00,-0.3883834473694849,-0.7977415182100724,-0.606594406679133,-0.3883834473694849,-0.17073552708089534,0.025982187408896688
TELCO,2021-07-31 01:20:00,-0.45255862543198183,-0.8702176851937204,-0.6758469140734519,-0.45255862543198183,-0.22877915083006725,-0.03004471309951437
TELCO,2021-07-31 01:25:00,-0.43049680518451305,-0.867525940653811,-0.6579068271862651,-0.43049680518451305,-0.2010926099709534,0.0005964475586087079
TELCO,2021-07-31 01:30:00,-0.46310532761044865,-0.9142457102738499,-0.7002013664550113,-0.46310532761044865,-0.22982770001893998,-0.020421020959802312
TELCO,2021-07-31 01:35:00,-0.5196365369955989,-0.969708057120322,-0.7579323093689867,-0.5196365369955989,-0.2795294654878264,-0.06116641715141622
TELCO,2021-07-31 01:40:00,-0.5755130820622476,-1.0410081601411345,-0.8233589537874823,-0.5755130820622476,-0.330770986071264,-0.10785716871724729
TELCO,2021-07-31 01:45:00,-0.6259240362883339,-1.094482281051534,-0.8779257795608197,-0.6259240362883339,-0.37126620031792457,-0.1504282252610249
TELCO,2021-07-31 01:50:00,-0.6624436898521164,-1.1443920685831466,-0.9130374523885627,-0.6624436898521164,-0.40515067139404615,-0.17758845280962823
TELCO,2021-07-31 01:55:00,-0.6792786546567153,-1.174016250487982,-0.9428175841390296,-0.6792786546567153,-0.42287539330888724,-0.1818083793151289
TELCO,2021-07-31 02:00:00,-0.6746787828530117,-1.1813385953799846,-0.941102354658121,-0.6746787828530117,-0.4094895327335797,-0.17425734157837505
TELCO,2021-07-31 02:05:00,-0.6956376380561153,-1.2154600337523787,-0.9699012438929122,-0.6956376380561153,-0.42547936427283906,-0.18078324259708947
TELCO,2021-07-31 02:10:00,-0.7025507892872054,-1.2211652491800367,-0.9752171149325237,-0.7025507892872054,-0.4291118558751179,-0.18449114050221538
TELCO,2021-07-31 02:15:00,-0.7395629490507813,-1.273146712502141,-1.016699707469898,-0.7395629490507813,-0.4527059372968607,-0.21139439958800765
TELCO,2021-07-31 02:20:00,-0.8062050624399537,-1.3428630057356088,-1.0892193106239056,-0.8062050624399537,-0.5225109669796555,-0.26880171109358253
TELCO,2021-07-31 02:25:00,-0.8108422873267311,-1.3573683922243907,-1.098673899674571,-0.8108422873267311,-0.5261294213425338,-0.26754516534805195
TELCO,2021-07-31 02:30:00,-0.8569747577106674,-1.411457293095764,-1.1466758202615324,-0.8569747577106674,-0.5676982140023913,-0.29575991041301264
TELCO,2021-07-31 02:35:00,-0.8546700932012593,-1.4215439378522783,-1.155552427559532,-0.8546700932012593,-0.5575149728305593,-0.2921376297458343
TELCO,2021-07-31 02:40:00,-0.8567978066348314,-1.4302874423694718,-1.1575251700861573,-0.8567978066348314,-0.548839533472925,-0.28175893090167703
TELCO,2021-07-31 02:45:00,-0.8513713252691479,-1.4322812122993849,-1.1619022851371552,-0.8513713252691479,-0.5488094102697211,-0.2684142373738834
TELCO,2021-07-31 02:50:00,-0.8806810990505485,-1.4658946418682621,-1.19245476829912,-0.8806810990505485,-0.569913833549415,-0.29212358723775
TELCO,2021-07-31 02:55:00,-0.9145886824149614,-1.5049405263095217,-1.2233570099915134,-0.9145886824149614,-0.5966759863416012,-0.3164815996189163
TELCO,2021-07-31 03:00:00,-0.9120724134575036,-1.5110523199170176,-1.2280828970453106,-0.9120724134575036,-0.5913486512672264,-0.30183055128159614
TELCO,2021-07-31 03:05:00,-0.9218184117877009,-1.5378283328528597,-1.2446667803472211,-0.9218184117877009,-0.5955971203498072,-0.3076360256880358
TELCO,2021-07-31 03:10:00,-0.9242256116206498,-1.5466498135328577,-1.2508779814192525,-0.9242256116206498,-0.5950698754008164,-0.30922685158077057
TELCO,2021-07-31 03:15:00,-0.9352358456536762,-1.5618522812813762,-1.2655654701955106,-0.9352358456536762,-0.6005234260502642,-0.3079774917420043
TELCO,2021-07-31 03:20:00,-0.9554633221896374,-1.587375818934336,-1.2876281693071787,-0.9554633221896374,-0.6188272519480471,-0.3252673128932626
TELCO,2021-07-31 03:25:00,-0.9651885773608403,-1.6046820040217877,-1.3049351977151409,-0.9651885773608403,-0.6326499919424549,-0.3305478661033271
TELCO,2021-07-31 03:30:00,-0.9836544579726443,-1.6319963597018474,-1.3308767123521739,-0.9836544579726443,-0.6428654043615638,-0.3370334216529237
TELCO,2021-07-31 03:35:00,-0.9737918423308067,-1.6303607667718003,-1.324686122306443,-0.9737918423308067,-0.6297095394652963,-0.33222086700235853
TELCO,2021-07-31 03:40:00,-1.005048863334241,-1.6750830415870726,-1.357524173470489,-1.005048863334241,-0.6619877473497522,-0.3446330271735009
TELCO,2021-07-31 03:45:00,-1.0036742987679794,-1.6736478171587374,-1.3582354056540955,-1.0036742987679794,-0.6484200619982924,-0.3368327176128152
TELCO,2021-07-31 03:50:00,-1.0246484256702082,-1.7056755829232393,-1.3789553175607174,-1.0246484256702082,-0.6688491486198597,-0.3537841250501902
TELCO,2021-07-31 03:55:00,-1.027011186074307,-1.7075647079693446,-1.385504732495161,-1.027011186074307,-0.6662865517791703,-0.3422433371419349
TELCO,2021-07-31 04:00:00,-1.0106807429614122,-1.705363099492896,-1.382887679614247,-1.0106807429614122,-0.6528423627907869,-0.3366305074391728
TELCO,2021-07-31 04:05:00,-1.0130221559798824,-1.7222957682739823,-1.3875136569487236,-1.0130221559798824,-0.6516707329677394,-0.3190483851087089
TELCO,2021-07-31 04:10:00,-1.0288431467792019,-1.738450413667835,-1.3991005100683753,-1.0288431467792019,-0.6563471537655363,-0.33385801484295136
TELCO,2021-07-31 04:15:00,-1.0380399680390657,-1.7500005328228974,-1.412107889217864,-1.0380399680390657,-0.6714439914890588,-0.3421149861593453
TELCO,2021-07-31 04:20:00,-1.0491120838437948,-1.7727414000736017,-1.4296746606718633,-1.0491120838437948,-0.673486991198821,-0.3369473997133128
TELCO,2021-07-31 04:25:00,-1.0537122349285903,-1.7791975688661485,-1.4361280708819595,-1.0537122349285903,-0.6786700001734174,-0.3415925678302415
TELCO,2021-07-31 04:30:00,-1.0514236330746212,-1.784218019783697,-1.435615222903774,-1.0514236330746212,-0.6733721037142995,-0.33885336339601957
TELCO,2021-07-31 04:35:00,-1.059424187335526,-1.7901985472238597,-1.4475088127737648,-1.059424187335526,-0.6741082823127925,-0.3331527989175479
TELCO,2021-07-31 04:40:00,-1.0646769722573883,-1.8025581446299896,-1.4567648299436473,-1.0646769722573883,-0.6798049514184996,-0.32761463108744593
TELCO,2021-07-31 04:45:00,-1.0659174551716721,-1.811965695774942,-1.4622389613730589,-1.0659174551716721,-0.6760741155166191,-0.3312494377870925
TELCO,2021-07-31 04:50:00,-1.077967031399142,-1.8287788223895394,-1.4737993609612519,-1.077967031399142,-0.6842388987038373,-0.3384830566499114
TELCO,2021-07-31 04:55:00,-1.0728124628048625,-1.8358535092143378,-1.4706807133357758,-1.0728124628048625,-0.6861152806774803,-0.32693301981974654
TELCO,2021-07-31 05:00:00,-1.0777823703322946,-1.8434525393257672,-1.479243142164745,-1.0777823703322946,-0.6787927420489832,-0.32579184634612884
TELCO,2021-07-31 05:05:00,-1.0598404912198582,-1.828435440888133,-1.4663160273649956,-1.0598404912198582,-0.6611781464547342,-0.29723816690053084
TELCO,2021-07-31 05:10:00,-1.086031268623813,-1.858696853333209,-1.4943974985568902,-1.086031268623813,-0.6871095616161341,-0.32227182382192865
TELCO,2021-07-31 05:15:00,-1.0780481539924556,-1.8592049508904671,-1.488412390613747,-1.0780481539924556,-0.6742545403734335,-0.30742471985693887
TELCO,2021-07-31 05:20:00,-1.0896239529876417,-1.8721483236835939,-1.4968698180982543,-1.0896239529876417,-0.6779305829989852,-0.3051112669803443
TELCO,2021-07-31 05:25:00,-1.0928202531964302,-1.88196555659178,-1.510524139059936,-1.0928202531964302,-0.6800407699898049,-0.3025195673385572
TELCO,2021-07-31 05:30:00,-1.1006989473919546,-1.8963797496666182,-1.5136601042139897,-1.1006989473919546,-0.6814929503001801,-0.3071725670590915
TELCO,2021-07-31 05:35:00,-1.0900104047207058,-1.8937341663901814,-1.5147017694949172,-1.0900104047207058,-0.67419837655964,-0.292246257519122
TELCO,2021-07-31 05:40:00,-1.0994386892540384,-1.8985792040668001,-1.5176672904548938,-1.0994386892540384,-0.674437832020196,-0.2936067874164839
TELCO,2021-07-31 05:45:00,-1.0879654931633076,-1.8996716647018697,-1.5158090793990318,-1.0879654931633076,-0.6661182208896529,-0.28392410654929584
TELCO,2021-07-31 05:50:00,-1.0913978728267377,-1.9128929461746753,-1.523349588998978,-1.0913978728267377,-0.6612424057854074,-0.2797690007129351
TELCO,2021-07-31 05:55:00,-1.0883651457589218,-1.9075490362453904,-1.5130473208277553,-1.0883651457589218,-0.6526284121799582,-0.26495699810129925
TELCO,2021-07-31 06:00:00,-1.0968309644194436,-1.930448014105812,-1.5277958688897866,-1.0968309644194436,-0.6667005129534282,-0.28093140260607674
TELCO,2021-07-31 06:05:00,-1.1058258914612336,-1.937223720740856,-1.5434558979052229,-1.1058258914612336,-0.66933098029386,-0.27148013999519294
TELCO,2021-07-31 06:10:00,-1.1065742142411088,-1.953171984245159,-1.5452855252417486,-1.1065742142411088,-0.6637477376058804,-0.26786872573141607
TELCO,2021-07-31 06:15:00,-1.1039417818309913,-1.949857347615536,-1.5495107768895058,-1.1039417818309913,-0.6623063243545819,-0.2585037240617001
TELCO,2021-07-31 06:20:00,-1.1033486290964478,-1.9432362975393493,-1.5504334733928777,-1.1033486290964478,-0.6570613328773414,-0.25310501680576003
TELCO,2021-07-31 06:25:00,-1.1123873940289966,-1.9626732374804738,-1.5583155252800105,-1.1123873940289966,-0.6628125618809828,-0.2534459835167021
TELCO,2021-07-31 06:30:00,-1.1072588193814528,-1.965301140231106,-1.5597215121239691,-1.1072588193814528,-0.6567080242745313,-0.2584818072404288
TELCO,2021-07-31 06:35:00,-1.1101667429806565,-1.9742189274019628,-1.568163556703114,-1.1101667429806565,-0.6568727696819181,-0.24491693701130968
TELCO,2021-07-31 06:40:00,-1.1020291377264797,-1.96564806034172,-1.5553126128510733,-1.1020291377264797,-0.6486082904901534,-0.23970857475727803
TELCO,2021-07-31 06:45:00,-1.1096801608887104,-1.9816747636507848,-1.569170312625081,-1.1096801608887104,-0.64880664647573,-0.2398411302010166
TELCO,2021-07-31 06:50:00,-1.1145797137235405,-1.990007112150816,-1.5770307876608642,-1.1145797137235405,-0.6536094241380694,-0.23464484057646434
TELCO,2021-07-31 06:55:00,-1.1088643533903249,-1.9974529764032418,-1.576875577382613,-1.1088643533903249,-0.6437207845493065,-0.2315474869600475
TELCO,2021-07-31 07:00:00,-1.1057751975140138,-1.991490027560026,-1.5752924199517921,-1.1057751975140138,-0.6411738861032119,-0.2219802324666238
TELCO,2021-07-31 07:05:00,-1.1151789276885238,-2.0133049310774105,-1.5832491276780738,-1.1151789276885238,-0.6448344247639153,-0.2248655172964295
TELCO,2021-07-31 07:10:00,-1.1073629637178586,-2.012928788398865,-1.5837017728453207,-1.1073629637178586,-0.6334493366931525,-0.2079868060978235
TELCO,2021-07-31 07:15:00,-1.1135500062402461,-2.025724445355288,-1.5879058593539712,-1.1135500062402461,-0.6378270293289852,-0.21281492837912702
TELCO,2021-07-31 07:20:00,-1.1152583474396351,-2.0191896003810372,-1.5945397905504315,-1.1152583474396351,-0.6323567410452742,-0.20147767715314327
TELCO,2021-07-31 07:25:00,-1.1116106566407435,-2.0261536583696733,-1.5915143738298667,-1.1116106566407435,-0.6305729314517776,-0.1930396242575675
TELCO,2021-07-31 07:30:00,-1.1110801220950834,-2.0297030662204163,-1.5890586471629327,-1.1110801220950834,-0.6304286837122901,-0.19531597328003644
TELCO,2021-07-31 07:35:00,-1.1138627764498978,-2.0333871320570114,-1.595302880464113,-1.1138627764498978,-0.6267406994849859,-0.1922446391087299
TELCO,2021-07-31 07:40:00,-1.1130948485261176,-2.04579033787867,-1.6034496701927943,-1.1130948485261176,-0.6277990641323442,-0.1958196696268231
TELCO,2021-07-31 07:45:00,-1.112907623304376,-2.0367939100053425,-1.6043993929475109,-1.112907623304376,-0.6244727430611274,-0.1859465539568944
TELCO,2021-07-31 07:50:00,-1.1191022614079176,-2.0491505227027265,-1.6082091386144104,-1.1191022614079176,-0.6206358815445313,-0.177504406875795
TELCO,2021-07-31 07:55:00,-1.1097780950083493,-2.0499472115455504,-1.6007111730910002,-1.1097780950083493,-0.6135437721994634,-0.17295084898904162
TELCO,2021-07-31 08:00:00,-1.1086492501386085,-2.0515691389449033,-1.6019118410579116,-1.1086492501386085,-0.6054539346296539,-0.15700531584976452
TELCO,2021-07-31 08:05:00,-1.1038010377456722,-2.046708972884867,-1.604389432983149,-1.1038010377456722,-0.6072014843530873,-0.14942598945534663
TELCO,2021-07-31 08:10:00,-1.0994521138293145,-2.0562377837745704,-1.5979843675713448,-1.0994521138293145,-0.6023745072097435,-0.1569305380024263
TELCO,2021-07-31 08:15:00,-1.1088927372003516,-2.063496300717998,-1.6071724958320472,-1.1088927372003516,-0.6011609957494352,-0.15248818476334983
TELCO,2021-07-31 08:20:00,-1.1078433817631783,-2.067731537639178,-1.6079812547608408,-1.1078433817631783,-0.592948630435567,-0.14029013962050968
TELCO,2021-07-31 08:25:00,-1.1016515614330316,-2.0694784984748864,-1.607834672426216,-1.1016515614330316,-0.5969653372743495,-0.13057228397822407
TELCO,2021-07-31 08:30:00,-1.0969729781221558,-2.0698601892828705,-1.6015555520290632,-1.0969729781221558,-0.5824144985157621,-0.1239522225008246
TELCO,2021-07-31 08:35:00,-1.0973797892169803,-2.075674348116975,-1.6143227896061734,-1.0973797892169803,-0.5870991691167348,-0.11857857051662979
TELCO,2021-07-31 08:40:00,-1.0927167613990822,-2.082695462429574,-1.6181517243057693,-1.0927167613990822,-0.5805282026688038,-0.11298512752746309
TELCO,2021-07-31 08:45:00,-1.0949293676400318,-2.0775447927662745,-1.6122141928716505,-1.0949293676400318,-0.5700584357504312,-0.10437852852463517
TELCO,2021-07-31 08:50:00,-1.0859328552080616,-2.082752341685668,-1.6189889234311297,-1.0859328552080616,-0.5649935046676366,-0.10557497241260483
TELCO,2021-07-31 08:55:00,-1.091103136977508,-2.084251214084574,-1.617089203915967,-1.091103136977508,-0.5661573327171792,-0.10204549623217211
TELCO,2021-07-31 09:00:00,-1.0839939388889759,-2.075800885234801,-1.613221551150072,-1.0839939388889759,-0.5473621964216904,-0.0814270108384442
TELCO,2021-07-31 09:05:00,-1.0723661322359743,-2.0659932792473072,-1.5992304138420383,-1.0723661322359743,-0.5409416296221394,-0.07352449541023956
TELCO,2021-07-31 09:10:00,-1.0781945372325363,-2.0754043757143292,-1.6074163216506858,-1.0781945372325363,-0.5490312558738878,-0.07265103620899095
TELCO,2021-07-31 09:15:00,-1.0775374428853897,-2.0806212514038394,-1.6116220537496835,-1.0775374428853897,-0.5381555838540258,-0.06559662287669282
TELCO,2021-07-31 09:20:00,-1.0694304420022398,-2.08466288869196,-1.6041431322190443,-1.0694304420022398,-0.5351760039783334,-0.05791662252288759
TELCO,2021-07-31 09:25:00,-1.0713428336348612,-2.089636741127425,-1.6042624461203159,-1.0713428336348612,-0.5354487196136023,-0.05507734033025068
TELCO,2021-07-31 09:30:00,-1.062159392111346,-2.0893393948452097,-1.6025235688547443,-1.062159392111346,-0.5225349232334461,-0.03914371543296577
TELCO,2021-07-31 09:35:00,-1.0660038956056817,-2.0841202184792764,-1.6000034466434578,-1.0660038956056817,-0.5156475722480685,-0.038539142044356024
TELCO,2021-07-31 09:40:00,-1.051934298064281,-2.0797844870743063,-1.5955327017771983,-1.051934298064281,-0.5058005102030043,-0.020198744724982697
TELCO,2021-07-31 09:45:00,-1.0514625771356163,-2.079916729209196,-1.5907301704425716,-1.0514625771356163,-0.4932838768087163,-0.010266433184480499
TELCO,2021-07-31 09:50:00,-1.0388827571685133,-2.0809224503151853,-1.5857096099352646,-1.0388827571685133,-0.49387873864355863,0.002865275567045078
TELCO,2021-07-31 09:55:00,-1.038811632686432,-2.0567314944969266,-1.5839291111962739,-1.038811632686432,-0.476390069658851,0.01214486534655533
TELCO,2021-07-31 10:00:00,-0.9999560760583555,-2.048678418141382,-1.5519488314956031,-0.9999560760583555,-0.44858553418524355,0.03765466912065353
TELCO,2021-07-31 10:05:00,-1.0011680402640977,-2.0499255578049125,-1.5584461490419792,-1.0011680402640977,-0.4411407971231179,0.05586199661186796
TELCO,2021-07-31 10:10:00,-0.9921266628048281,-2.0429505462010296,-1.5428191683012658,-0.9921266628048281,-0.4242184773160615,0.07476650494376261
TELCO,2021-07-31 10:15:00,-0.9840380171671035,-2.032936213245172,-1.5312970055305208,-0.9840380171671035,-0.4121588446368213,0.07543652678222551
TELCO,2021-07-31 10:20:00,-0.9915549253568823,-2.050437630360828,-1.5440158106866142,-0.9915549253568823,-0.4254038997594856,0.07327191241806758
TELCO,2021-07-31 10:25:00,-0.9947762582947044,-2.0602891947550606,-1.5526691768522398,-0.9947762582947044,-0.4262416785185478,0.07473453041252118
TELCO,2021-07-31 10:30:00,-0.9564231982140309,-2.0255735332355407,-1.5155069963082057,-0.9564231982140309,-0.39970760729412447,0.11426642035807713
TELCO,2021-07-31 10:35:00,-0.9460649911104725,-2.0180277105553017,-1.501925532964171,-0.9460649911104725,-0.37386029212453864,0.13572947696622403
TELCO,2021-07-31 10:40:00,-0.9344321956011548,-2.007087065417375,-1.4988445461314255,-0.9344321956011548,-0.3544260511503886,0.14793028567564295
TELCO,2021-07-31 10:45:00,-0.9079243784307947,-1.9925160359469591,-1.4766616661756433,-0.9079243784307947,-0.3404072191002517,0.17786250291804195
TELCO,2021-07-31 10:50:00,-0.8887490190067566,-1.968739801842776,-1.4564348006676258,-0.8887490190067566,-0.3149529183248143,0.1909780182206078
TELCO,2021-07-31 10:55:00,-0.8857921187476763,-1.9771119765462672,-1.4561791292713342,-0.8857921187476763,-0.31122992037347813,0.2073283637384779
TELCO,2021-07-31 11:00:00,-0.8121677250984283,-1.8911789067610905,-1.3858790082497816,-0.8121677250984283,-0.23716071079813825,0.28990672555084934
TELCO,2021-07-31 11:05:00,-0.762456298695044,-1.8657820694211542,-1.334114408522093,-0.762456298695044,-0.18538851321769637,0.33081929494796936
TELCO,2021-07-31 11:10:00,-0.8009716990922507,-1.89144432534656,-1.3751610341889444,-0.8009716990922507,-0.21569061134043016,0.30058811003744246
TELCO,2021-07-31 11:15:00,-0.7256328182440399,-1.8284483669230407,-1.3028082737659963,-0.7256328182440399,-0.13854331876996526,0.3784148636988523
TELCO,2021-07-31 11:20:00,-0.712380225713345,-1.8165405127769505,-1.294226899583526,-0.712380225713345,-0.13034604866921665,0.396966357503058
TELCO,2021-07-31 11:25:00,-0.6980276396922185,-1.8091355580606772,-1.2767880277714816,-0.6980276396922185,-0.1075271291145189,0.41196069716787453
TELCO,2021-07-31 11:30:00,-0.6670081761725793,-1.7821673891757408,-1.2493706978550279,-0.6670081761725793,-0.07349760859230818,0.4427204765509447
TELCO,2021-07-31 11:35:00,-0.654727464718838,-1.772998988974608,-1.2314947213500744,-0.654727464718838,-0.06865297836551365,0.4610923026017041
TELCO,2021-07-31 11:40:00,-0.5974907159792483,-1.7201511206673739,-1.180244818877235,-0.5974907159792483,-0.003735418338668653,0.5291373990900817
TELCO,2021-07-31 11:45:00,-0.5723837384233823,-1.7170536820484883,-1.1661092854267532,-0.5723837384233823,0.020670012587299877,0.5580651000528772
TELCO,2021-07-31 11:50:00,-0.552560762292539,-1.6798780283153034,-1.1382913555596539,-0.552560762292539,0.04146565487917674,0.5797872785294858
TELCO,2021-07-31 11:55:00,-0.5053542253039534,-1.644458299294934,-1.1093055490803523,-0.5053542253039534,0.08612869110796825,0.63363349947852
TELCO,2021-07-31 12:00:00,-0.3769005648106982,-1.518816493503886,-0.9744339572891065,-0.3769005648106982,0.21874958445709639,0.760577229345665
TELCO,2021-07-31 12:05:00,-0.32356855438117954,-1.4542402483069983,-0.9176730461890773,-0.32356855438117954,0.2836591828285342,0.8257033026793006
TELCO,2021-07-31 12:10:00,-0.24300205383632845,-1.3790107290623768,-0.8326382458136923,-0.24300205383632845,0.3710708490513991,0.9155591557857181
TELCO,2021-07-31 12:15:00,-0.24015948455409586,-1.388622910567423,-0.8332403209988524,-0.24015948455409586,0.37089991240879533,0.9142672714300679
TELCO,2021-07-31 12:20:00,-0.2339087785192789,-1.3740668662761792,-0.8336502083987904,-0.2339087785192789,0.37758772632727017,0.9340764251364039
TELCO,2021-07-31 12:25:00,-0.1704264312867693,-1.3200757039155508,-0.7813611258755622,-0.1704264312867693,0.43863708689934633,0.9879894609999407
TELCO,2021-07-31 12:30:00,-0.13069897716728213,-1.2935642177619333,-0.74099164581786,-0.13069897716728213,0.479694332571348,1.0411401049319862
TELCO,2021-07-31 12:35:00,-0.09335169818257191,-1.2585395165272781,-0.7021038099971719,-0.09335169818257191,0.5201221713338802,1.077651889420005
TELCO,2021-07-31 12:40:00,-0.07063973359535244,-1.2401981816698304,-0.6841278737500343,-0.07063973359535244,0.5466936085338947,1.106420814350761
TELCO,2021-07-31 12:45:00,-0.004493227926321786,-1.1692597580812372,-0.6238679751301985,-0.004493227926321786,0.6140065369774252,1.1698571017018575
TELCO,2021-07-31 12:50:00,0.03203295902567537,-1.1325755950761336,-0.581459884779901,0.03203295902567537,0.6488822379134271,1.2196903735040157
TELCO,2021-07-31 12:55:00,0.11336018900594148,-1.0606856321168983,-0.5022376898712323,0.11336018900594148,0.7350815991542261,1.3035367060949383
TELCO,2021-07-31 13:00:00,0.21338148013222816,-0.9705737011860338,-0.4049658365169189,0.21338148013222816,0.8301127143731637,1.39840638113353
TELCO,2021-07-31 13:05:00,0.22005649752100942,-0.970553593257532,-0.40840615763761157,0.22005649752100942,0.8412348421602739,1.4098182667591002
TELCO,2021-07-31 13:10:00,0.27789837754928426,-0.9159753454990672,-0.34672257494924663,0.27789837754928426,0.9010836350010869,1.4707905672057267
TELCO,2021-07-31 13:15:00,0.27959716167078663,-0.9132731516165811,-0.3481693434850962,0.27959716167078663,0.9065160326446118,1.4729741596332897
TELCO,2021-07-31 13:20:00,0.3440710012524897,-0.8510039410379437,-0.2797169644313736,0.3440710012524897,0.9712695154160726,1.5448095546393377
TELCO,2021-07-31 13:25:00,0.37015355718107323,-0.8300099875979298,-0.26425231377139013,0.37015355718107323,0.9934995873734276,1.5657989526495226
TELCO,2021-07-31 13:30:00,0.33306463759669086,-0.8768076804045268,-0.3019188187807655,0.33306463759669086,0.9621643500511592,1.5350067025878347
TELCO,2021-07-31 13:35:00,0.43233150894981776,-0.7773475618387125,-0.2062570158465467,0.43233150894981776,1.0646924408085339,1.6312206180826392
TELCO,2021-07-31 13:40:00,0.3992545627177743,-0.8075497145941979,-0.23110266970763577,0.3992545627177743,1.0388143425145717,1.6134513326491742
TELCO,2021-07-31 13:45:00,0.4399005047271962,-0.7644433093859897,-0.19537378788448417,0.4399005047271962,1.078269434597363,1.653499631223557
TELCO,2021-07-31 13:50:00,0.48368233794412824,-0.733641391775969,-0.15451166500876784,0.48368233794412824,1.125108254764346,1.7043754601865821
TELCO,2021-07-31 13:55:00,0.5034311078396324,-0.7192922944827798,-0.1407983217705362,0.5034311078396324,1.1452459800443076,1.7303012575208652
TELCO,2021-07-31 14:00:00,0.5195567396764935,-0.7043204411961059,-0.1273678617013189,0.5195567396764935,1.1704139342753201,1.753767775728316
TELCO,2021-07-31 14:05:00,0.5570711689752628,-0.6781671041363941,-0.09615249823113797,0.5570711689752628,1.2005227616881686,1.77744290915971
TELCO,2021-07-31 14:10:00,0.6530025169181664,-0.581616365857404,0.0010423776452641031,0.6530025169181664,1.300351841359595,1.8913444683645295
TELCO,2021-07-31 14:15:00,0.6502468888204949,-0.5885276260814347,-0.004199739762918202,0.6502468888204949,1.302385389848928,1.8865460225539725
TELCO,2021-07-31 14:20:00,0.6675316368432389,-0.5707442782088293,0.008403313598912332,0.6675316368432389,1.3180581083262244,1.9002175268984196
TELCO,2021-07-31 14:25:00,0.6069597853986032,-0.6387490916538073,-0.05028974045619957,0.6069597853986032,1.2616713806997963,1.855921614116372
TELCO,2021-07-31 14:30:00,0.6674242016313142,-0.572725689431024,0.005286968503826213,0.6674242016313142,1.3254549250055532,1.9209685334719295
TELCO,2021-07-31 14:35:00,0.5943237638261032,-0.6582547553493088,-0.06532339263235418,0.5943237638261032,1.2541526624663928,1.8486614458515156
TELCO,2021-07-31 14:40:00,0.5677137973761176,-0.6938611123552172,-0.09039395172059922,0.5677137973761176,1.227269565118533,1.8188115908775933
TELCO,2021-07-31 14:45:00,0.5907644423955823,-0.6656983204053593,-0.07332209674954329,0.5907644423955823,1.256124224128101,1.8543540942356938
TELCO,2021-07-31 14:50:00,0.6200012353813396,-0.6401831901543618,-0.04967056329087456,0.6200012353813396,1.282246450760744,1.8823736733950671
TELCO,2021-07-31 14:55:00,0.6375578725593862,-0.6270872739562484,-0.034467238121501986,0.6375578725593862,1.3013328654303393,1.8985443261637536
TELCO,2021-07-31 15:00:00,0.5991396282485852,-0.6717113073105144,-0.08062392624364605,0.5991396282485852,1.2558462006557076,1.8658707772891436
TELCO,2021-07-31 15:05:00,0.6905929743156501,-0.5809131560769375,0.025416563506358042,0.6905929743156501,1.3584404304607984,1.9639621470411472
TELCO,2021-07-31 15:10:00,0.6150941304226133,-0.6542716296753495,-0.05743308115144592,0.6150941304226133,1.2871550907588465,1.8864502655787936
TELCO,2021-07-31 15:15:00,0.6514042209614919,-0.6334215366564918,-0.015714372142912797,0.6514042209614919,1.3222308139374324,1.9247201326317982
TELCO,2021-07-31 15:20:00,0.5781879413858594,-0.7055310147364311,-0.09737878881432882,0.5781879413858594,1.245970882398378,1.86667963059233
TELCO,2021-07-31 15:25:00,0.5071838647953302,-0.7705313340392336,-0.16023706169195895,0.5071838647953302,1.186891935916476,1.797582053275982
TELCO,2021-07-31 15:30:00,0.47717302110005677,-0.8094153428666475,-0.20198860047119724,0.47717302110005677,1.1466155854933553,1.7605819338531192
TELCO,2021-07-31 15:35:00,0.5070545869474649,-0.7763983930154682,-0.16307175999313755,0.5070545869474649,1.1947969274799393,1.8016468496300533
TELCO,2021-07-31 15:40:00,0.48982920992664203,-0.7895101222675034,-0.1799342979447033,0.48982920992664203,1.1740683824298745,1.792950459568181
TELCO,2021-07-31 15:45:00,0.4749844610644223,-0.8235343943249975,-0.19961479896022669,0.4749844610644223,1.148726740153655,1.7659458856073948
TELCO,2021-07-31 15:50:00,0.4694877579571214,-0.8228333913321733,-0.2119354877319513,0.4694877579571214,1.1504520431401453,1.7784680871181486
TELCO,2021-07-31 15:55:00,0.3864744454422507,-0.926331039310303,-0.28958739040894743,0.3864744454422507,1.0738739340959162,1.6971803983058427
TELCO,2021-07-31 16:00:00,0.4483841848458813,-0.8562806282792059,-0.2342896218065283,0.4483841848458813,1.132377825952784,1.7528676737328417
TELCO,2021-07-31 16:05:00,0.39023537712354833,-0.91924938523545,-0.28576663942557856,0.39023537712354833,1.078720186827717,1.703780060755323
TELCO,2021-07-31 16:10:00,0.3652192457248975,-0.9489376283933154,-0.31773038968724987,0.3652192457248975,1.0636744009172905,1.691966032095103
TELCO,2021-07-31 16:15:00,0.28654004741279004,-1.0304631878188912,-0.4043036467109235,0.28654004741279004,0.9718991469116753,1.60295775010046
TELCO,2021-07-31 16:20:00,0.3012704699112108,-1.016719254160111,-0.3877437908797058,0.3012704699112108,0.986688887468282,1.6135812052602951
TELCO,2021-07-31 16:25:00,0.30545298911541163,-1.0144730342281085,-0.37903987973379977,0.30545298911541163,1.0023107331511962,1.6227491268395946
TELCO,2021-07-31 16:30:00,0.2526601105294129,-1.0741932123136189,-0.43646064822196295,0.2526601105294129,0.955480652462391,1.5765083331953518
TELCO,2021-07-31 16:35:00,0.26268956827615747,-1.068711889600256,-0.4290733129186716,0.26268956827615747,0.9572971691952084,1.5927258015418955
TELCO,2021-07-31 16:40:00,0.2577277383845216,-1.067821861796935,-0.42902574526355886,0.2577277383845216,0.9712173175802782,1.5992668819280758
TELCO,2021-07-31 16:45:00,0.2411178791679116,-1.0954937074689304,-0.45621399537334817,0.2411178791679116,0.9457454282689162,1.5739040079365025
TELCO,2021-07-31 16:50:00,0.22638158370288347,-1.1183450109139805,-0.4730360969852975,0.22638158370288347,0.926450708530193,1.5628649389027527
TELCO,2021-07-31 16:55:00,0.15252325221521362,-1.1895856106712892,-0.5425311358302729,0.15252325221521362,0.8618458685369095,1.49729075657553
TELCO,2021-07-31 17:00:00,0.17838191773831014,-1.1707029472575574,-0.5211887793275113,0.17838191773831014,0.8874662157875345,1.529793599190062
TELCO,2021-07-31 17:05:00,0.11750400690101816,-1.2241733237426664,-0.5799499040071248,0.11750400690101816,0.8322162266370381,1.4733668884890743
TELCO,2021-07-31 17:10:00,0.1669449971353263,-1.1872777646252795,-0.53773110817729,0.1669449971353263,0.8741381544427429,1.5254302384938039
TELCO,2021-07-31 17:15:00,0.11685752596122097,-1.2302280648265564,-0.5839893930434825,0.11685752596122097,0.8258594359641058,1.4676786976539158
TELCO,2021-07-31 17:20:00,0.1549988905809525,-1.1925144925239095,-0.5540654197676713,0.1549988905809525,0.867060203747944,1.509299491703826
TELCO,2021-07-31 17:25:00,0.055875045085078026,-1.299579951630326,-0.6553506628591829,0.055875045085078026,0.774224840379274,1.4191118306427264
TELCO,2021-07-31 17:30:00,0.08950909578202115,-1.2686825471212408,-0.629217922862814,0.08950909578202115,0.801345999691383,1.4511681246980108
TELCO,2021-07-31 17:35:00,0.11421142234974685,-1.2468425312454872,-0.5996240566301763,0.11421142234974685,0.8328069763515438,1.4735483150051487
TELCO,2021-07-31 17:40:00,0.039834522729906924,-1.3195614164056484,-0.6713903870594606,0.039834522729906924,0.7548660983976787,1.4225904171031325
TELCO,2021-07-31 17:45:00,0.02417655222906099,-1.3428295683328748,-0.6909048563058985,0.02417655222906099,0.7458363039224389,1.3956959642637352
TELCO,2021-07-31 17:50:00,-0.05033865672691859,-1.41015313485508,-0.7705797835178634,-0.05033865672691859,0.6801560132675535,1.3363596849912232
TELCO,2021-07-31 17:55:00,0.029753779284969178,-1.3421966610701057,-0.6933792477548355,0.029753779284969178,0.7529731626178453,1.4165198985616567
TELCO,2021-07-31 18:00:00,-0.024687327854822364,-1.40300172662403,-0.7475037443500733,-0.024687327854822364,0.6946764049261254,1.3604019281482564
TELCO,2021-07-31 18:05:00,-0.0014414543694325523,-1.3775093010297401,-0.7211666936609455,-0.0014414543694325523,0.7303974278855767,1.3903670431831325
TELCO,2021-07-31 18:10:00,-0.0050192717496716395,-1.3943248027112314,-0.7319843415283307,-0.0050192717496716395,0.7262370222377325,1.3875874592116106
TELCO,2021-07-31 18:15:00,-0.05489504903975544,-1.4468998212485822,-0.7833288272067183,-0.05489504903975544,0.6765657702312369,1.3412661541660256
TELCO,2021-07-31 18:20:00,-0.02910584560075642,-1.4167257244667129,-0.7644463016975118,-0.02910584560075642,0.6987469122918608,1.373755182976538
TELCO,2021-07-31 18:25:00,-0.06545404819576067,-1.4648836098229758,-0.8008026891495452,-0.06545404819576067,0.6757665765110332,1.333407175489743
TELCO,2021-07-31 18:30:00,-0.06277075186351463,-1.4562475144190505,-0.7996567439806967,-0.06277075186351463,0.6682583429950444,1.3458248725169728
TELCO,2021-07-31 18:35:00,-0.1250735274141198,-1.5195481387001597,-0.8535209313322083,-0.1250735274141198,0.6261762111214534,1.282919621452887
TELCO,2021-07-31 18:40:00,-0.08430748709071516,-1.4747022099719436,-0.817171340842967,-0.08430748709071516,0.6601839252803208,1.318658159289599
TELCO,2021-07-31 18:45:00,-0.0942681012325848,-1.4966521355142222,-0.8281885642602547,-0.0942681012325848,0.6559369589860287,1.322827580191116
TELCO,2021-07-31 18:50:00,-0.0723432341934474,-1.4760003088585323,-0.8042638005933067,-0.0723432341934474,0.6744085846025185,1.3404811896747038
TELCO,2021-07-31 18:55:00,-0.12270261101173852,-1.525269008360718,-0.8583223991199007,-0.12270261101173852,0.6299170557630414,1.300561594331997
TELCO,2021-07-31 19:00:00,-0.05472417364566681,-1.4677137531191118,-0.7951663677552736,-0.05472417364566681,0.6890392102359391,1.3651791105915372
TELCO,2021-07-31 19:05:00,-0.05446920140684879,-1.4775901475976494,-0.8014821160102401,-0.05446920140684879,0.6921163714305644,1.3648306275223578
TELCO,2021-07-31 19:10:00,-0.07865597623372858,-1.4948781060104097,-0.821391765832072,-0.07865597623372858,0.6704282695360406,1.3500736595287761
TELCO,2021-07-31 19:15:00,-0.06214123116709133,-1.4920006551540406,-0.8109593921437175,-0.06214123116709133,0.6868243524158295,1.3754291647063193
TELCO,2021-07-31 19:20:00,-0.08994703477226876,-1.5173803178375134,-0.8344990121605251,-0.08994703477226876,0.6633135625519337,1.3452107792878683
TELCO,2021-07-31 19:25:00,-0.13433114768043494,-1.559225281635312,-0.8919190329828537,-0.13433114768043494,0.6209109334969132,1.3063525287571003
TELCO,2021-07-31 19:30:00,-0.08005853996094056,-1.5056154988447834,-0.8300022640132497,-0.08005853996094056,0.68404528886463,1.3667346733332124
TELCO,2021-07-31 19:35:00,-0.14528194775412398,-1.5765334534080302,-0.9036482635450762,-0.14528194775412398,0.6132741261967258,1.3004551880218802
TELCO,2021-07-31 19:40:00,-0.12590344480535257,-1.560804746543229,-0.8829556248430357,-0.12590344480535257,0.6375974426909783,1.3343657646381561
TELCO,2021-07-31 19:45:00,-0.13107132534400948,-1.5712262580765792,-0.8895578355140994,-0.13107132534400948,0.6298789611056599,1.327367969536715
TELCO,2021-07-31 19:50:00,-0.08979954736050812,-1.5218750081289816,-0.8507236778959997,-0.08979954736050812,0.6761261633483026,1.375921476912878
TELCO,2021-07-31 19:55:00,-0.035607963020931124,-1.4916993386492332,-0.8043415410635912,-0.035607963020931124,0.7232096508517933,1.418135023469496
TELCO,2021-07-31 20:00:00,-0.07642630172683168,-1.5312665326710464,-0.8387556103746021,-0.07642630172683168,0.6913345336848115,1.3927462376344
TELCO,2021-07-31 20:05:00,-0.14937496670834655,-1.6003538876921837,-0.9153312343924529,-0.14937496670834655,0.6180904153983412,1.3157538849422838
TELCO,2021-07-31 20:10:00,-0.09334858272127272,-1.5417907779274422,-0.8544230327430784,-0.09334858272127272,0.6863486097583562,1.3849297938329173
TELCO,2021-07-31 20:15:00,-0.09168675899193873,-1.5548002845433238,-0.8655906175930425,-0.09168675899193873,0.681879052204984,1.384424623092432
TELCO,2021-07-31 20:20:00,-0.02172802651881343,-1.4848561715334172,-0.7911147691071119,-0.02172802651881343,0.7485523021307026,1.4593031513946932
TELCO,2021-07-31 20:25:00,-0.003614216764322005,-1.4672645864339207,-0.7686511881850298,-0.003614216764322005,0.7690789198010459,1.4892631043418394
TELCO,2021-07-31 20:30:00,-0.039938009882476797,-1.504322741620125,-0.807177156047174,-0.039938009882476797,0.740375687398557,1.4479229816719479
TELCO,2021-07-31 20:35:00,-0.020942730850459196,-1.4941355338275404,-0.7959298283452392,-0.020942730850459196,0.7588116748253031,1.4857950045679003
TELCO,2021-07-31 20:40:00,-0.0168228320677372,-1.4948791656679765,-0.7845339823829971,-0.0168228320677372,0.7688818402088214,1.4839719043434658
TELCO,2021-07-31 20:45:00,-0.056183913664975674,-1.5222267399583869,-0.8252308496289031,-0.056183913664975674,0.7386193759806895,1.459602934250053
TELCO,2021-07-31 20:50:00,0.02221300247244557,-1.45099979853972,-0.7516367562116244,0.02221300247244557,0.81353414372028,1.527801853079057
TELCO,2021-07-31 20:55:00,-0.04837481037293992,-1.5270929884115734,-0.8140971806534316,-0.04837481037293992,0.7463872828595275,1.4740946472690446
TELCO,2021-07-31 21:00:00,0.0131980679059924,-1.4690734633490399,-0.7682915580391192,0.0131980679059924,0.8028052328126012,1.5266820013638909
TELCO,2021-07-31 21:05:00,0.004324101087501198,-1.482768843922273,-0.7766987079909227,0.004324101087501198,0.7993801762551043,1.5257709628506977
TELCO,2021-07-31 21:10:00,0.07901140465156833,-1.4106863875930171,-0.7056651685835575,0.07901140465156833,0.8738070611395143,1.5977023388182374
TELCO,2021-07-31 21:15:00,0.11274480345332002,-1.3673117022439507,-0.6617112218659585,0.11274480345332002,0.9134293406479246,1.6425204748225462
TELCO,2021-07-31 21:20:00,0.16287720591209032,-1.3335617062750413,-0.6301663918581693,0.16287720591209032,0.9605113722383768,1.6853159045330703
TELCO,2021-07-31 21:25:00,0.17757878166430915,-1.3171497784859394,-0.6119693611362086,0.17757878166430915,0.9737104464540858,1.6953315040582706
TELCO,2021-07-31 21:30:00,0.1885473680366358,-1.3055532772531222,-0.5979844356683576,0.1885473680366358,0.9783441150487255,1.7157618307906155
TELCO,2021-07-31 21:35:00,0.14742955073811548,-1.353605366216898,-0.6492952864905357,0.14742955073811548,0.9466976422988755,1.6823450238647197
TELCO,2021-07-31 21:40:00,0.24019193299307187,-1.269886389714878,-0.5655636483436457,0.24019193299307187,1.032844033455652,1.7648514807345326
TELCO,2021-07-31 21:45:00,0.16850175221235375,-1.3383662513500687,-0.6342475736522143,0.16850175221235375,0.9730623297985206,1.6924325180189572
TELCO,2021-07-31 21:50:00,0.20382047689867844,-1.3003740104497448,-0.5943606840167017,0.20382047689867844,1.0046261881403624,1.7394305869962134
TELCO,2021-07-31 21:55:00,0.17716776318607952,-1.3387613039470612,-0.6236024942952146,0.17716776318607952,0.9856044425522138,1.7205528514926542
TELCO,2021-07-31 22:00:00,0.23588721252414663,-1.2929866478225764,-0.5718869988400491,0.23588721252414663,1.0358200888714468,1.7668470025226988
TELCO,2021-07-31 22:05:00,0.2781763065904299,-1.237360895118871,-0.5241061749685698,0.2781763065904299,1.0882462894195504,1.8212484280059886
TELCO,2021-07-31 22:10:00,0.311012945681831,-1.219595802861968,-0.4892055148183795,0.311012945681831,1.1256980745765204,1.8500976867155745
TELCO,2021-07-31 22:15:00,0.2940965303572963,-1.2314247802904046,-0.512413100389173,0.2940965303572963,1.1078292131611185,1.8425052700581306
TELCO,2021-07-31 22:20:00,0.23668573063795809,-1.2882411299915053,-0.578069333008439,0.23668573063795809,1.0491867735229954,1.7799747336839853
TELCO,2021-07-31 22:25:00,0.2590908751685049,-1.2702160152140383,-0.5506932998178575,0.2590908751685049,1.0777920723126666,1.8074173163134413
TELCO,2021-07-31 22:30:00,0.22987139595073253,-1.3042957761919807,-0.5754782707667043,0.22987139595073253,1.0527258753097466,1.793383745884781
TELCO,2021-07-31 22:35:00,0.28620962905766834,-1.2509510781993272,-0.5255234656906447,0.28620962905766834,1.1128092567331909,1.8527608508889317
TELCO,2021-07-31 22:40:00,0.31837252421162765,-1.221256239561765,-0.4848456261134195,0.31837252421162765,1.1486462631722063,1.8914141078148743
TELCO,2021-07-31 22:45:00,0.2723527784001359,-1.266725401922654,-0.537945125806589,0.2723527784001359,1.0984617032846007,1.8456030485272281
TELCO,2021-07-31 22:50:00,0.21879869202708901,-1.3427799002713685,-0.6012994944242435,0.21879869202708901,1.0466116139918051,1.78480044761492
TELCO,2021-07-31 22:55:00,0.2938159892202208,-1.2565908186295454,-0.519907990744378,0.2938159892202208,1.1184325256570777,1.8702344872964551
TELCO,2021-07-31 23:00:00,0.35269348298952835,-1.20930629468509,-0.47226284960560455,0.35269348298952835,1.1745068972092558,1.9209929640291694
TELCO,2021-07-31 23:05:00,0.34829280275282465,-1.1999276516376756,-0.47317172825954995,0.34829280275282465,1.1811427353067359,1.9229280007510194
TELCO,2021-07-31 23:10:00,0.4096090474442178,-1.1432184701519352,-0.4173373771764256,0.4096090474442178,1.2499365576774184,1.9934830856203156
TELCO,2021-07-31 23:15:00,0.3593141178564172,-1.209088430957292,-0.4680537837590935,0.3593141178564172,1.1913539358375516,1.9233959289505904
TELCO,2021-07-31 23:20:00,0.34072640127576864,-1.2162328608992772,-0.4817386155871661,0.34072640127576864,1.1701066081418383,1.91563192353462
TELCO,2021-07-31 23:25:00,0.21200077856900917,-1.3508856910487017,-0.6198751359885111,0.21200077856900917,1.0479035727676722,1.8023768029333047
TELCO,2021-07-31 23:30:00,0.25598046932305285,-1.3189580114264032,-0.5758384071241204,0.25598046932305285,1.0881379367281279,1.8491825154827763
TELCO,2021-07-31 23:35:00,0.23005554611953974,-1.3432870870827012,-0.6078992180742655,0.23005554611953974,1.0694571815696317,1.8074402251615886
TELCO,2021-07-31 23:40:00,0.1737648927339127,-1.407692703665624,-0.6685740626093896,0.1737648927339127,1.0061496702180603,1.7613318435075331
TELCO,2021-07-31 23:45:00,0.20074703973104208,-1.3864145943635175,-0.6428826598933053,0.20074703973104208,1.0358356908509774,1.785718353377837
TELCO,2021-07-31 23:50:00,0.08615678268793198,-1.4867327563277974,-0.7546739292755674,0.08615678268793198,0.9290284396449273,1.6953608499359325
TELCO,2021-07-31 23:55:00,0.1511230626100934,-1.4494725987026928,-0.6929344306953291,0.1511230626100934,1.0071840041146578,1.7670491885189779
