series,start,end,length,score,mean_attr
TS1,52020,52023,3,0.4912978937251762,0.7912978937251762
TS1,21479,21482,3,0.4818214947032512,0.7818214947032512
TS1,21488,21491,3,0.47790718417355305,0.7779071841735531
TS1,35,38,3,0.33003775997169316,0.6300377599716932
TS1,17716,17719,3,0.27659312463548946,0.5765931246354895
TS1,17736,17739,3,0.2325472044775757,0.5325472044775758
TS1,12341,12344,3,0.18589623775243685,0.4858962377524369
TS1,52017,52020,3,0.13948642374841724,0.4394864237484173
TS10,2180,2183,3,0.4746352241457371,0.7746352241457372
TS10,60730,60733,3,0.45315495133393724,0.7531549513339373
TS10,52021,52024,3,0.4305168258091723,0.7305168258091723
TS10,46063,46066,3,0.4061738334536894,0.7061738334536894
TS10,47989,47992,3,0.39900421904820305,0.6990042190482031
TS10,9107,9110,3,0.36385647643038255,0.6638564764303826
TS10,46072,46075,3,0.36091681569028167,0.6609168156902817
TS10,17830,17833,3,0.35469387359377935,0.6546938735937794
TS11,6289,6292,3,0.47444689357809156,0.7744468935780916
TS11,6286,6289,3,0.4520498992886305,0.7520498992886305
TS11,32144,32147,3,0.324742939735583,0.624742939735583
TS11,49507,49510,3,0.31306916082329395,0.613069160823294
TS11,23245,23248,3,0.3066441402379997,0.6066441402379997
TS11,57535,57538,3,0.2715105643415676,0.5715105643415677
TS11,6283,6286,3,0.2579539131268397,0.5579539131268397
TS11,37693,37696,3,0.23835265934594108,0.5383526593459411
TS12,11395,11398,3,0.4579195155164294,0.7579195155164294
TS12,17416,17419,3,0.44872942369841284,0.7487294236984129
TS12,57530,57533,3,0.44234514466385055,0.7423451446638506
TS12,57533,57536,3,0.3925137967348712,0.6925137967348712
TS12,35573,35576,3,0.3547175714934616,0.6547175714934617
TS12,35644,35647,3,0.35300859101493,0.65300859101493
TS12,17717,17720,3,0.3430860767336702,0.6430860767336702
TS12,45442,45445,3,0.3274729857707992,0.6274729857707992
TS2,52020,52023,3,0.4671867069160268,0.7671867069160269
TS2,34,37,3,0.4624101289353957,0.7624101289353957
TS2,21479,21482,3,0.4258293976910592,0.7258293976910593
TS2,21488,21491,3,0.4238604368123886,0.7238604368123887
TS2,43871,43874,3,0.34017441815879557,0.6401744181587956
TS2,22393,22396,3,0.3337920748483938,0.6337920748483938
TS2,59711,59714,3,0.2916576720065943,0.5916576720065944
TS2,17716,17719,3,0.2819730240370536,0.5819730240370536
TS3,19718,19721,3,0.6749483952191361,0.9749483952191361
TS3,3073,3076,3,0.6079645023917986,0.9079645023917986
TS3,60436,60439,3,0.6034015170473743,0.9034015170473744
TS3,9176,9179,3,0.5932073979745371,0.8932073979745372
TS3,14668,14671,3,0.5877614163215438,0.8877614163215438
TS3,13234,13237,3,0.5742859692758883,0.8742859692758883
TS3,15773,15776,3,0.5379390010967643,0.8379390010967643
TS3,9089,9092,3,0.5370141686284267,0.8370141686284267
TS4,22392,22395,3,0.5010555706641522,0.8010555706641522
TS4,9089,9092,3,0.49691872444859775,0.7969187244485978
TS4,19055,19058,3,0.4534192690322819,0.753419269032282
TS4,43871,43874,3,0.44659755609175156,0.7465975560917516
TS4,35,38,3,0.4365343128933451,0.7365343128933451
TS4,59831,59834,3,0.40279560369184264,0.7027956036918427
TS4,59711,59714,3,0.38365835423547545,0.6836583542354755
TS4,43991,43994,3,0.3638507163742303,0.6638507163742303
TS5,22393,22396,3,0.5028063011414436,0.8028063011414437
TS5,14357,14360,3,0.4889822136546613,0.7889822136546614
TS5,12275,12278,3,0.43442319047175115,0.7344231904717512
TS5,52020,52023,3,0.3851534824907449,0.6851534824907449
TS5,44323,44326,3,0.3802752995686166,0.6802752995686167
TS5,46061,46064,3,0.3545241869091782,0.6545241869091782
TS5,35,38,3,0.3290010507263429,0.6290010507263429
TS5,23183,23186,3,0.2959752359573983,0.5959752359573983
TS6,22393,22396,3,0.4572582407197777,0.7572582407197778
TS6,33623,33626,3,0.4029298751845459,0.702929875184546
TS6,21488,21491,3,0.40217607927937726,0.7021760792793773
TS6,43991,43994,3,0.3536308721995812,0.6536308721995813
TS6,7,10,3,0.35058922220930877,0.6505892222093088
TS6,46061,46064,3,0.32940459841525704,0.6294045984152571
TS6,43703,43706,3,0.32541500622408315,0.6254150062240832
TS6,17737,17740,3,0.2864045296976362,0.5864045296976362
TS7,12082,12085,3,0.4229016256460316,0.7229016256460317
TS7,22384,22387,3,0.3226734993085091,0.6226734993085091
TS7,44025,44028,3,0.29378536017896006,0.5937853601789601
TS7,60661,60664,3,0.28668046692280547,0.5866804669228055
TS7,60678,60681,3,0.28410096147850783,0.5841009614785079
TS7,60684,60687,3,0.2745466650230145,0.5745466650230145
TS7,60641,60644,3,0.2707012892101165,0.5707012892101165
TS7,52024,52027,3,0.21898618850751272,0.5189861885075128
TS8,22384,22387,3,0.5623619154558026,0.8623619154558027
TS8,22392,22395,3,0.47190404864591307,0.7719040486459131
TS8,52024,52027,3,0.4056292121497532,0.7056292121497533
TS8,52018,52021,3,0.38112823796056394,0.681128237960564
TS8,24154,24157,3,0.2950765024698889,0.595076502469889
TS8,12091,12094,3,0.2838993592893524,0.5838993592893524
TS8,21488,21491,3,0.26287600670440836,0.5628760067044084
TS8,44232,44235,3,0.23808346345697762,0.5380834634569777
TS9,45754,45757,3,0.48287604017837604,0.7828760401783761
TS9,46063,46066,3,0.46336231513849646,0.7633623151384965
TS9,45778,45781,3,0.4363916775645611,0.7363916775645611
TS9,45401,45404,3,0.4360741025071533,0.7360741025071533
TS9,45758,45761,3,0.42303365235245205,0.7230336523524521
TS9,45497,45500,3,0.4090952836626861,0.7090952836626861
TS9,45797,45800,3,0.39270184964684096,0.692701849646841
TS9,46054,46057,3,0.3807632668994919,0.680763266899492
